Environment,Classifier_Accuracy,Regression_RMSE
Office 1,0.8584789130051174,1.002351050251157
Office 2,0.8457886407596272,0.9991170123770964
Small Apartment,0.8618213660245184,0.9852604713577666
Small Workshop,0.8586652690426275,1.0224038152579968
Kitchen/Living Room,0.8551410054300228,1.0218143701091085
Bedroom,0.853983853983854,1.003278044832021
Boiler Room,0.8613253856942497,0.9992348904596873
